topic,context
Apa kelebihan ikan channa Limbata?,"Ikan Channa Limbata dulu banyak dikonsumsi oleh masyarakat, salah satu khasiat dari ikan ini adalah dipercaya cepat mengeringkan luka atau bekas operasi, sekarang makin diminati oleh pecinta ikan hias. Maka tidak heran jika ikan ini juga mulai sulit untuk dicari karena tingkat perburuannya yang tinggi. 23 Mar 2022"
Apa makanan favorit ikan channa Limbata?,"   Cacing tanah merupakan salah satu jenis pakan yang sangat direkomendasikan sebagai makanan ikan Channa. Jenis pakan ini bahkan bisa diberikan kepada ikan Channa yang masih berukuran kecil. Kandungan yang terdapat dalam cacing tanah dapat membantu mempercepat keluarnya warna pada ikan Channa. 21 Okt 2022"
Ikan channa Limbata adanya di mana?,"   Channa limbata menyebar luas mulai dari Burma, Vietnam, Cina (selatan), Semenanjung Malaya, Singapura, dan Indonesia. Tercatat pula dari Thailand. Di Indonesia ikan ini diketahui menyebar di Sumatera (termasuk Nias, Bangka, Belitung), Kalimantan, Jawa (termasuk Bawean), dan Madura."
Gimana ciri ciri ikan channa Limbata?,"   Ciri-ciri Channa Limbata    Ikan ini merupakan mempunyai warna tubuh yang hitam atau abu abu disertai garis kuning atau oranye pada bagian ujung sirip dorsal dan sirip ekor. Channa Limbata juga dapat tumbuh mencapai panjang maksimal 20cm. 18 Agu 2022"
Berapa umur Channa Limbata?,"   Umur ikan channa dapat bertahan hingga 15 tahun asalkan dirawat dengan benar. 22 Agu 2022"
Berapa lama Channa Limbata mengerami telur?,"   Diketahui, Channa Limbata termasuk dalam ikan yang mengerami telur dalam mulut. Telur yang keluar dari induk betina akan dimasukkan ke dalam mulut induk jantan. Induk jantan akan mengerami telur hingga menjadi larva kurang lebih 2-3 hari. 15 Mei 2022"
Berapa kali ganti air ikan channa?,Penggantian air dan penyifonan dilakukan 2 hari sekali sebanyak 10% dari volume total dalam akuarium.
Berapa kali Channa Limbata makan?,"Channa Limbata menyukai pakan hewan seperti Jangkrik, Cacing tanah, dan Udang. Pemberian makan rutin sehari 3 kali. 18 Mei 2022"
Channa Limbata warna apa?,"   Lalu, ikan channa juga memiliki kemampuan adaptasi yang baik. Bentuk ikan channa limbata ini terbilang cukup kecil, mempunyai warna tubuh abu-abu sampai hitam dengan garis merah yang ada pada ujung sirip dorsal dan sirip ekornya. 19 Okt 2022"
Apakah Channa Limbata bisa galak?,"Ikan Channa Limbata hasil tangkapan dari alam, kebanyakan tidak cepat galak. Padahal, untuk kontes diperlukan ikan yang galak. 6 Des 2022"
Apakah Channa Limbata asli Indonesia?,Channa limbata merupakan salah satu jenis ikan gabus yang cukup populer dan banyak diminati oleh penggemar hewan hias. Ikan ini tergolong gabus lokal asli Indonesia yang biasa hidup di area pegunungan Pulau Jawa. 27 Jan 2023
Apakah Channa Limbata bisa dikonsumsi?,"Sebelum populer, Ikan Channa Limbata justru banyak dikonsumsi oleh masyarakat karena dipercaya dapat membantu mempercepat pengeringan luka. 24 Nov 2022"
Bagaimana cara merawat Channa Limbata?,"   Cara Merawat ikan Channa yang Benar Jaga Agar Tidak Stres. Ada beberapa hal yang bisa menyebabkan ikan mengalami stres, salah satu hal yang paling berpengaruh adalah lingkungan atau wadah dari ikan itu sendiri. ...  2. Berikan pakan Terbaik. ...  Menggunakan Pasir Malang. ...  4. Rajin Menguras Air. 16 Jun 2022"
Bagaimana cara mengawinkan ikan channa Limbata?,"Pengawinan ikan Channa bisa dengan memberikan sekat kaca dari satu antara keduanya. Cara ini bisa dilakukan selama 3 hari ya, biar perkenalan diri dulu. Setelah saling mengenal, lihat respon kedua ikan, apakah jantan dan betina mulai akur atau tidak. Jangan sampai salah, harus jantan dan betina ya. 21 Sep 2022"
Apa perbedaan Channa Limbata jantan dan betina?,"   Cara membedakan channa jantan dan betina yang pertama adalah melihat dari bentuk kepala. Perlu diketahui, ikan gabus jantan umumnya memiliki bentuk kepala runcing cenderung oval. Sementara itu, untuk ikan channa betina cenderung memiliki bentuk kepala yang bulat. 8 Jan 2023"
Apa bedanya channa betina dan jantan?,"   Ikan channa jantan memiliki kepala yang lonjong, warna tubuh yang lebih gelap, lubang kelamin berwarna merah. Jika lubang merah tersebut diurut maka akan keluar cairan putih bening. Sementara, channa atau gabus betina memiliki kepala yang lebih bulat, warna tubuhnya juga lebih terang. 20 Sep 2022"
Channa terbagus jenis apa?,"   Channa Barca     Merupakan jenis ikan channa termahal yang sangat populer di kalangan penghobi ikan channa. Yang mempunyai keunikan dari warna abunya yang terang dan juga memiliki motif totol yang berwarna hitam serta memiliki bagian lebar pada sirip punggung. 23 Sep 2022"
Apakah channa perlu dijemur?,"Lebih lanjut, Idham mengatakan untuk menaikan warna tak hanya dari pemberian pakan, banyak treatmentyang diperlukan. Salah satunya menjemur ikan channa sejenak. Seperti kebutuhan akan sinar matahari, kadar Ph air untuk beberapa jenis ikan dan warna tertentu, dan suhu air untuk channa. 19 Mei 2021"
Apakah channa harus puasa?,"Berikan jeda puasa pemberian pakan, baik Channa yang kecil maupun yang besar agar ukuran tubuh si ikan tetap proporsional. Dalam satu minggu puasakan pemberian pakan selama 1-2 hari. 30 Jun 2021"
Apakah lampu akuarium harus menyala terus?,"   Jangan menyalakan lampu selama 24 jam penuh pada akuarium. Penerangan disarankan hanya dilakukan selama 8-10 jam saja setiap hari. Jika ada tanaman dalam akuarium, penerangan mungkin bisa diperpanjang menjadi 12 jam sehari agar tanaman air tersebut bisa berfotosintesis. 10 Jul 2012"
Apa makanan Channa Limbata agar cepat besar?,"Anda dapat memberi pakan harian berupa pelet, udang kering atau maggot kering setiap hari. Lalu setiap 2-3 hari sekali diberi pakan hidup berupa udang kupas, cacing tanah atau jangkrik. Hal ini bertujuan agar menjaga tubuh ikan channa agar tidak terlalu gemuk dan ikan tidak malas bergerak. 10 Mar 2022"
Channa Limbata paling besar ukuran berapa?,"Kemudian, untuk ukuran ikan Channa Limbata terbilang cukup kecil dibanding jenis lainnya. Adapun panjang maksimal ikan ini sekitar 25 cm sampai 30 cm. 10 Agu 2022"
Ikan channa bertelur apa beranak?,"   Setelah bertelur, dua channa ini dipisahkan dari telur. ""Biasanya induk channa suka memakan telurnya. Makanya harus dipisah, biar telur menetas sendiri,"" ujarnya. Setelah menetas, larva channa diberi makan kutu air sehingga larva cepat besar menjadi anak channa. 1 Jun 2021"
Channa Apa yang langka?,"BABAD.ID- Channa barca adalah salah satu jenis ikan channa yang sangat langka dan langka di alam liar. Ikan Channa barca memiliki bentuk tubuh yang bulat, lebar, dan pipih, dengan sirip yang panjang dan besar. 5 hari yang lalu"
Apa ikan channa termahal?,"Channa Micropeltes merupakan salah satu jenis ikan Channa yang memiliki harga sangat tinggi. Ikan ini memiliki warna yang unik dan mencolok, dengan warna kuning dan hitam pada bagian tubuhnya. Keunikan warna ini membuat ikan Channa Micropeltes menjadi salah satu ikan paling langka dan paling mahal yang bisa ditemukan. 16 Feb 2023"
Ikan channa buat apa?,"KOMPAS.com - Channa yang umumnya dikenal sebagai Snakeheads, menjadi salah satu jenis ikan gabus yang diminati para pecinta ikan hias. 16 Agu 2022"
Channa isinya apa?,"   Channa mengandung nutrisi alami yang sangat lengkap yaitu ALBUMIN, PROTEIN, ASAM AMINO ESENSIAL - NONESENSIAL, DAN MINERAL."
Apa channa paling galak?,Ikan channa maru dan channa auranti dikenal sangat galak dibandingkan dengan jenis yang lain. Sedangkan channa yang kalem biasanya dari jenis channa beheri dan channa asiatica. Meski demikian bukan berarti channa yang tidak agresif tidak bisa dilatih menjadi channa yang galak. 22 Des 2022
Apa manfaat jangkrik untuk ikan channa?,"Sumber protein: Jangkrik merupakan sumber protein yang baik untuk ikan Channa. Protein sangat penting bagi pertumbuhan dan perkembangan ikan, serta membantu mereka untuk mempertahankan kesehatan dan kekuatan tubuh. 14 Jan 2023"
Kapan kasih makan channa?,"   Berapa kali memberi makan ikan Channa maru? Saat masa pertumbuhan, memberikan makan ikan Channa maru bisa dilakukan setiap harinya. Akan tetapi, ketika ukuran ikan Channa sudah mencapai 30 cm, memberikan makan ikan Channa ini cukup dilakukan 2-4 kali seminggu. 19 Agu 2022"
Ikan channa apa boleh dicampur?,"�Ya, agar channa tidak melompat keluar,� katanya. Selain itu, sama halnya dengan ikan cupang, ikan chana termasuk jenis ikan yang agresif. Makanya tidak cocok dicampur dengan ikan lain ataupun sejenisnya. �Satu akuarium cukup satu ikan,� imbuhnya. 4 Jul 2022"
Apakah lampu mempengaruhi warna ikan channa?,"Sadar atau tidak, rupanya sistem pencahayaan juga mempengaruhi perkembangan warna ikan Channa Maru Yellow Sentarum ini. Sebab, sel melanosit yang merupakan pigmen pembentuk warna sisik ikan bekerja lebih baik apabila mendapat rangsangan cahaya. 16 Sep 2022"
Channa toman makan apa?,"   Ikan toman atau channa micropeltes adalah ikan yang hidup di perairan sungai, parit, rawa dan danau, yang biasa dijadikan buruan pemancing. Predator air tawar ini merupakan jenis ikan karnivora yang memangsa katak, anak ikan, udang, ketam dan lain sebagainya. 28 Jul 2022"
Kenapa ikan Channa Limbata tidak mau makan?,"Ikan Channa jika stress tidak akan mau makan, karena ikan tidak nyaman oleh sesuatu yang dianggapnya menganggu. Stress ikan dapat terjadi karena benturan atau sesuatu lainnya, seperti kena akuarium, atau saat Menganti air akuarium. Faktor makanan juga mempengaruhi ikan Channa tidak mau makan, karena bukan favoritnya. 29 Des 2022"
Apa manfaat daun ketapang untuk channa?,"   Daun ketapang mempunyai banyak manfaat untuk Channa Limbata, salah satunya dapat menghindari stress. Selain dapat menghindari stress ada manfaat daun ketapang lainnya yang baik untuk Channa Limbata. Manfaat daun ketapang yang pertama adalah dapat menyembuhkan luka pada Channa Limbata. 23 Des 2022"
Kenapa air akuarium bau amis?,"   Dilansir The Spruce Pets, Selasa (10/5/2022), akuarium yang terpelihara dengan baik, kemungkinan besar tidak akan mengeluarkan bau yang menyengat, sebab bau yang tidak sedap biasanya disebabkan oleh bahan biologis yang membusuk (limbah bio) yang belum dibersihkan. 10 Mei 2022"
Apa yang terjadi jika akuarium diletakkan di tempat yang gelap?,"Apabila akuarium tersebut dipindahkan ke tempat yang gelap, maka tumbuhan air akan mati terlebih dahulu."
Kenapa ikan tertarik pada cahaya lampu?,"Menurut Verheyen (1964), ter- tariknya beberapa jenis ikan pada cahaya disebabkan oleh beberapa hal, antara lain mencari intensitas cahaya optimum, investigatory reflex, mencari makan dan bergerombol."
Dimana tempat tinggal Channa?,"   Channa auranti adalah endemik lembah Sungai Brahmaputra di negara bagian Assam dan Arunachal Pradesh, India timur laut. 16 Sep 2022"
Bagaimana cara agar ikan channa cepat keluar warna?,"Oleh karena itu kamu bisa memberikannya pakan udang, yang dipercaya dapat mempercepat keluarnya warna dari ikan ini. Akan tetapi, ukuran channa yang diberikan udang biasanya channa yang sudah dewasa atau ukurannya besar. Cacing tanah sudah bisa dikasih untuk ikan channa sejak masih kecil. 13 Agu 2022"
Channa terbesar jenis apa?,"   Snakehead Merah (Channa micropeltes)     Ikan ini juga dikenal sebagai Snakehead Raksasa karena mampu besar hingga 1m/39� atau lebih. Bahkan di penangkaran ikan ini adalah spesies snakehead terbesar. 19 Sep 2022"
Kenapa ikan channa berubah warna?,"   Kondisi warna ikan sangat dipengaruhi kondisi dalam diri channa sendiri. Jika ikan mengalami kondisi stress, maka bisa dipastikan warna pada ikan channa akan memudar bahkan bisa gelap menghitam. 10 Agu 2022"
Ikan apa yang paling mahal di dunia?,"   Salah satu jenis ikan termahal di dunia yang cukup diminati adalah Australian Flathead Perch. Warna tubuh ikan ini merupakan campuran antara oranye dan biru dengan panjang mencapai 6 inci. Satu ekor Australian Flathead Perch dijual dengan harga sekitar Rp 71,37 juta. 21 Okt 2022"
Berapa lama ikan channa asiatica besar?,"Ikan Channa Asiatica dapat tumbuh hingga 34 cm dalam waktu dua tahun pertama. Setelahnya, ikan ini mempunyai pertumbuhan yang lambat dan hanya dapat tumbuh maksimal hingga 40 cm saja."
Di mana tempat Channa Barca?,"Dirangkum dari berbagai sumber, Channa Barca memiliki habitat asli di Taman Nasional Orang di daerah Assam, India. 22 Des 2022"
Berapa ukuran paling besar Channa asiatica?,"   6. Channa Asiatica    Ikan ini memiliki corak white spot atau red spot yang dapat tumbuh hingga 35 cm. 8 Sep 2022"
Berapa umur ikan channa?,"   Umur ikan channa dapat bertahan hingga 15 tahun asalkan dirawat dengan benar. Nah, kamu bisa memelihara ikan ini dalam aquarium yang besar. 22 Agu 2022"
Dari mana asal channa?,"   Fosil ikan Channa yang berasal dari 50 juta tahun yang lalu menunjukkan bahwa ikan itu berasal dari Himalaya Selatan yaitu wilayah pegunungan yang membentang dari India hingga Pakistan Timur. Lalu ikan ini menyebar melalui zona iklim intertropis yang meluas ke sebagian Eropa, Afrika, dan sebagian besar Asia. 14 Okt 2022"
Ikan channa aslinya ikan apa?,Ikan Channa merupakan ikan hias air tawar yang banyak terdapat di Indonesia. Ikan Channa ini merupakan jenis ikan gabus yang sering disebut dengan snakehead fish yang merupakan predator air tawar. 26 Okt 2022
Obat Channa terbuat dari apa?,"   Deskripsi: CHANNA mengandung ekstrak Channa striatus 500 mg. Channa striatus adalah ikan gabus yang terkenal di Asia Tenggara karena kandungan protein dan manfaatnya. Channa striatus dipercaya dapat mengobati luka secara efektif, mengurangi nyeri, dan memberi energi bagi orang sakit dan lansia."
Apakah Channa mahal?,"Channa ini memiliki beberapa jenis, terbagi menjadi Channa Red seperti Red Barito, serta Channa Yellow misalnya Yellow Sentarum. Ikan gabus hias yang satu ini memiliki harga beragam, namun termahal bisa mencapai Rp3 juta di pasaran. 10 Okt 2022"
Channa plus obat untuk apa?,"   Channa adalah obat herbal yang memiliki kandungan Channa Strata (ikan gabus) sebagai zat aktifnya dalam bentuk sediaan kapsul. Channa Kapsul secara tradisional dapat membantu mempercepat penyembuhan luka dan memelihara kesehatan tubuh."
Apakah Merawat channa susah?,"   Cara untuk merawat ikan channa bisa dikatakan susah susah gampang, yang penting adalah kamu harus telaten saat melakukannya apalagi jika kamu masih pemula dalam dunia akuatik. 18 Apr 2022"
Berapa kali ganti air ikan Channa?,Penggantian air dan penyifonan dilakukan 2 hari sekali sebanyak 10% dari volume total dalam akuarium.
Berapa kali ikan Channa Limbata makan?,"Channa Limbata menyukai pakan hewan seperti Jangkrik, Cacing tanah, dan Udang. Pemberian makan rutin sehari 3 kali. 18 Mei 2022"
Apa Manfaat ulat hongkong untuk Channa Limbata?,"Dari sekian banyak jenis pakan, ulat hongkong ini adalah salah satu pakan yang berpengaruh pada pertumbuhan ikan channa. Selain itu, ulat hongkong juga bisa bikin warna ikan channa menjadi lebih cantik dari sebelumnya, lho. 31 Jan 2023"
Apakah channa perlu pasir?,"Mengganti air pada akuarium ikan channa cukup penting, apalagi jika anda tidak menggunakan pasir malang, mungkn amoniaknya banyak sekali. Fungsi pasir malang pada akuarium untuk menerap amoniak, maka gunakan pasir malang agar amoniak dari kotoran ikan dapat diserap."
Gimana cara merawat ikan channa?,"Cara Merawat ikan Channa yang Benar Jaga Agar Tidak Stres. Ada beberapa hal yang bisa menyebabkan ikan mengalami stres, salah satu hal yang paling berpengaruh adalah lingkungan atau wadah dari ikan itu sendiri. ...  2. Berikan pakan Terbaik. ...  Menggunakan Pasir Malang. ...  4. Rajin Menguras Air. 16 Jun 2022"
Apakah channa bisa dimakan?,9. Channa Striata    Ikan channa striata juga kerap disebut sebagai ikan gabus Jawa. Selain itu ikan channa jenis ini juga kerap dikonsumsi oleh masyarakat umum. 27 Mei 2022
Apakah channa butuh oksigen?,"Air harus lunak, asam dan rendah nutrisi. Ikan ini menyukai air dengan suhu 27-28 derajat Celcius dan pH 6-7,5. Ikan Channa membutuhkan oksigen dalam jumlah besar, sehingga diperlukan aerasi yang kuat atau filter yang efisien untuk menjaga oksigen terlarut di atas 5 bagian per juta (ppm)."
Apakah ikan channa boleh dijemur?,"Lebih lanjut, Idham mengatakan untuk menaikan warna tak hanya dari pemberian pakan, banyak treatmentyang diperlukan. Salah satunya menjemur ikan channa sejenak. Seperti kebutuhan akan sinar matahari, kadar Ph air untuk beberapa jenis ikan dan warna tertentu, dan suhu air untuk channa. 19 Mei 2021"
Mengapa channa diam saja?,"   Ikan channa mungkin diam karena mereka sedang beristirahat, merasa tidak nyaman, atau sedang memproses makanan. 20 Jan 2023"
Kenapa ikan toman mahal?,"   Selain manusia, ikan toman dapat dijadikan pengobatan dalam medis seperti penyembuhan pasca operasi dan pengurangan rasa nyeri akibat operasi. Mungkin hal tersebutlah yang menjadikan ikan toman memiliki nilai ekonomis yang tinggi. 27 Jul 2022"
Kapan ikan toman berubah warna?,"   Toman yang masih kecil berwarna merah, setelah mencapai usia 2 bulan maka pada tubuhnya akan muncul garis berwarna kemerahan dan hitam. Garis-garis kemerahan ini nantinya akan hilang setelah ikan berusia dewasa dan berukuran lebih besar."
Apakah ikan toman bisa loncat?,"   Yang harus Anda waspadai dalam cara merawat ikan toman adalah kelincahannya, ia bisa melompat keluar dari akuarium, sehingga Anda membutuhkan penutup aquarium. 27 Nov 2021"
Berapa lama Channa Limbata beradaptasi?,"   Biasanya, butuh waktu sekira paling lama dua minggu hingga ikan bisa beradaptasi, namun ada ikan yang butuh berbulan-bulan untuk dapat adaptasi. Tak sedikit juga yang gagal settle dan mati,"" ucapnya. 16 Mei 2022"
Apa kelebihan ikan Channa Limbata?,"Ikan Channa Limbata dulu banyak dikonsumsi oleh masyarakat, salah satu khasiat dari ikan ini adalah dipercaya cepat mengeringkan luka atau bekas operasi, sekarang makin diminati oleh pecinta ikan hias. Maka tidak heran jika ikan ini juga mulai sulit untuk dicari karena tingkat perburuannya yang tinggi. 23 Mar 2022"
Apakah cacing tanah bagus untuk channa?,"   Cacing tanah merupakan salah satu jenis pakan yang sangat direkomendasikan sebagai makanan ikan Channa. Jenis pakan ini bahkan bisa diberikan kepada ikan Channa yang masih berukuran kecil. Kandungan yang terdapat dalam cacing tanah dapat membantu mempercepat keluarnya warna pada ikan Channa. 21 Okt 2022"
Berapa lama channa direndam air ketapang?,"   Maka perendaman ikan channa dalam air ketapang bisa lebih dari 24 jam. Sembari kamu pantau perkembangan kondisi ikan channa. Apabila dalam 1 hari penuh (24 jam) belum menunjukkan perubahan berarti, maka kamu bisa melanjutkan untuk hari kedua. 10 Jan 2023"
Apa pengganti daun ketapang untuk ikan Channa?,"   Daun jati kering juga dapat menggantikan posisi daun ketapang. Dilansir dari Penjualcupang.com, daun jati dimanfaatkan untuk mencerahkan warna ikan cupang. Daun jati juga diyakini dapat melakukan pembersihan tinja dan bakteri yang melekat pada tubuh dan ekor ikan cupang. 24 Okt 2021"
Air aquarium berbusa apakah berbahaya?,"Saat kamu mencuci akuarium hingga tidak terlalu bersih biasanya akan memunculkan gelembung sisa-sisa sabun yang masih ada di dinding akuarium. Ternyata busa pada air akuariu bisa berasal dari berbagai sumber, beberapa orang mengatakan bahwa hal itu tidak berbahaya dan mematikan untuk ikan. 25 Feb 2022"
Apakah air garam bisa menghilangkan bau amis pada ikan?,"Bila Anda memiliki waktu yang cukup lama untuk mengolah ikan, Anda bisa merendam ikan dalam campuran air garam dan es batu selama 15 menit. Setelah 15 menit, segera bersihkan ikan di air mengalir sebanyak 2-3 kali. Maka, aroma amis pada ikan akan berkurang dan ikan siap diolah menjadi aneka resep masakan yang lezat."
Apakah bau amis ikan najis?,"Yang jelas, bau busuk ikan sama sekali tak mengubah status kesucian ikan itu sendiri. Bangkai ikan tetap tidak najis walau aromanya mungkin mengganggu siapa saja. 6 Sep 2019"
Apakah ikan channa butuh lampu?,"Sebaiknya lampu pada ruangan menyimpan channa, dihidupkan 6 sampai 8 jam dalam sehari, untuk membiasakan channa dengan atau tanpa lampu. 8. Lambat menangani channa yang sakit. Penanganan yang lambat, akan menyebabkan sakit pada ikan akan bertambah parah. 17 Des 2021"
Apa penyebab ikan mati setelah ganti air?,"Salah satu alasan paling umum ikan mati setelah pergantian air adalah karena keracunan klorin. Jika Anda lupa mendeklorinasi akuarium, maka itu akan menyebabkan kerusakan besar pada insang dan sistem pernapasan ikan serta bagian tubuh lainnya. Setelah kerusakan terlalu parah, ikan akan mati. 18 Des 2022"
Apakah ikan channa harus pakai filter?,"Ikan channa memang terkenal denga ikan yang memiliki kemampuan hidup cukup tinggi, ikan channa mampu bertahan hidup tanpa filter. Meski demikian kita harus memasang filter untuk menjaga kebersihan air di dalam aquarium. 28 Nov 2022"
Apa nama asli ikan lampu?,"   Anglerfish merupakan jenis ikan dari ordo Lophiiformes yang dikenal memiliki bagian tubuh seperti lampu di kepalanya. Ikan ini diketahui hidup di dasar laut dan dapat ditemukan di Samudra Pasifik, Hindia, Arktik, Atlantik, Antartika hingga Laut Mediterania. 14 Jun 2019"
Ikan tertarik dengan warna apa?,Pada penelitian ini digunakan empat lampu LED modifikasi bawah laut. Ikan lebih tertarik pada warna putih dan hijau dibandingkan dengan warna biru dan merah. Warna yang paling disukai adalah warna putih.
Apa istimewa ikan channa?,"Adapun keistimewaan dari ikan Channa Maru ada pada warna sisiknya yang kemerahan, dan memiliki corak seperti motif batik dan bunga. 16 Jan 2023"
Kenapa ikan channa mahal?,"   Dirangkum dari berbagai sumber, ikan jenis channa barca ini diketahui berasal dari negara India. Ikan ini mahal karena diketahui setiap akhir Mei, India dilanda hujan deras dan berkelanjutan. 20 Sep 2022"
Kenapa Channa Limbata tidak mau makan?,"   Ikan Channa jika stress tidak akan mau makan, karena ikan tidak nyaman oleh sesuatu yang dianggapnya menganggu. Stress ikan dapat terjadi karena benturan atau sesuatu lainnya, seperti kena akuarium, atau saat Menganti air akuarium. Faktor makanan juga mempengaruhi ikan Channa tidak mau makan, karena bukan favoritnya. 29 Des 2022"
Gimana ciri ciri ikan Channa Limbata?,"   Ciri-ciri Channa Limbata    Ikan ini merupakan mempunyai warna tubuh yang hitam atau abu abu disertai garis kuning atau oranye pada bagian ujung sirip dorsal dan sirip ekor. Channa Limbata juga dapat tumbuh mencapai panjang maksimal 20cm. 18 Agu 2022"
Berapa panjang Channa Limbata?,"   Kemudian, untuk ukuran ikan Channa Limbata terbilang cukup kecil dibanding jenis lainnya. Adapun panjang maksimal ikan ini sekitar 25 cm sampai 30 cm. 10 Agu 2022"
Apakah jangkrik bagus untuk channa?,"Sumber protein: Jangkrik merupakan sumber protein yang baik untuk ikan Channa. Protein sangat penting bagi pertumbuhan dan perkembangan ikan, serta membantu mereka untuk mempertahankan kesehatan dan kekuatan tubuh. 14 Jan 2023"
Ikan apa yang Terberat di dunia?,Ikan terbesar di dunia yang pertama adalah whale shark atau hiu paus. Ikan satu ini memiliki panjang tubuh yang mencapai hampir 40 kaki dan beratnya sekitar 20 ribu pound atau setara dengan 9.071 kilogram. 15 Des 2022
Ikan murah jenis apa?,"   Di bawah ini sejumlah rekomendasi ikan hias yang paling murah, dihimpun dari berbagai sumber. Ikan Black Ghost. ...  2. Ikan Cupang. ...  3. Ikan Discus. ...  4. Ikan Guppy. ...  Ikan Lemon. ...  6. Ikan Mas Koki. ...  7. Ikan Manfish. ...  Ikan Molly. Item lainnya... � 20 Nov 2022"
Dimana habitat Channa Limbata?,"Habitatnya berada di sungai-sungai kecil, area pesawahan dan sumber mata air. Maraknya perburuan besar-besaran membuat jumlah populasi Ikan Channa Limbata berkurang. Ikan ini diburu dengan berbagai cara, seperti ditangkap menggunakan perangkap, dipancing dan ditangkap menggunakan tangan kosong. 20 Des 2022"
Berapa hari channa makan?,"Saat masa pertumbuhan, memberikan makan ikan Channa maru bisa dilakukan setiap harinya. Akan tetapi, ketika ukuran ikan Channa sudah mencapai 30 cm, memberikan makan ikan Channa ini cukup dilakukan 2-4 kali seminggu. 19 Agu 2022"
Apa nama channa termahal?,"   2. Channa Barca     Saat ini, Channa Barca merupakan ikan gabus termahal di Indonesia, Toppers. Harganya bisa mencapai puluhan juta dengan hitungan 1 juta untuk setiap sentimeter. 8 Sep 2022"
Berapa lama umur ikan channa?,"   Ikan channa umumnya kuat dan berumur panjang. Umur ikan channa dapat bertahan hingga 15 tahun asalkan dirawat dengan benar. Nah, kamu bisa memelihara ikan ini dalam aquarium yang besar. 22 Agu 2022"
Channa apa yang paling galak?,Ikan channa maru dan channa auranti dikenal sangat galak dibandingkan dengan jenis yang lain. Sedangkan channa yang kalem biasanya dari jenis channa beheri dan channa asiatica. Meski demikian bukan berarti channa yang tidak agresif tidak bisa dilatih menjadi channa yang galak. 22 Des 2022
Apa perbedaan gabus sama channa?,"Ikan Channa atau juga dikenal sebagai snakehead emperor merupakan ikan gabus hias yang memiliki bentuk kepala menyerupai ular. Berbeda dengan ikan gabus yang umumnya dikonsumsi, ikan gabus hias ini memiliki corak tubuh yang unik sehingga banyak diminati oleh pecinta ikan hias. 12 Jul 2022"
Apa makanan ikan Channa?,"Channa auranti muda dapat diberi makan larva chironomid (cacing darah), cacing tanah kecil, udang cincang, jentik nyamuk, zooplankton, dan sejenisnya. 18 Sep 2022"
Apakah channa bisa kawin?,Mengenal dengan baik ciri ikan channa yang sudah birahi dan siap kawin menjadi salah satu cara untuk suksesnya kegiatan mengawinkan. 5 Apr 2022
Channa itu bahasa apa?,"Channa berasal dari bahasa Latin channe, digunakan untuk merujuk pada spesies bertengger di laut yang tidak ditentukan. 16 Sep 2022"
ikan Channa terbesar jenis apa?,"   Snakehead Merah (Channa micropeltes)     Ikan ini juga dikenal sebagai Snakehead Raksasa karena mampu besar hingga 1m/39� atau lebih. Bahkan di penangkaran ikan ini adalah spesies snakehead terbesar. 19 Sep 2022"
Kapan ikan channa ditemukan?,"   Fosil ikan Channa yang berasal dari 50 juta tahun yang lalu menunjukkan bahwa ikan itu berasal dari Himalaya Selatan yaitu wilayah pegunungan yang membentang dari India hingga Pakistan Timur. 14 Okt 2022"
Berapa harga ikan Channa?,"   Harga per Ekor    Sebagai contoh, Channa Gachua yang dibanderol Rp100 ribu per ekor tahun 2020, naik menjadi Rp200 ribu per ekor tahun 2021, naik lagi menjadi Rp250 ribu per ekor tahun 2022. 12 Agu 2022"
Jenis channa apa saja?,Gabus-gabusan / Klasifikasi yang lebih rendah
Channa kuning namanya apa?,"Channa Yellow Trengganu     Ikan ini memang memiliki warna yellow, namun jika diperhatikan dengan seksama, ikan ini sangat mirip dengan jenis red sampit. 19 Jul 2022"
Apa manfaat udang bagi ikan channa?,Protein yang tinggi pada udang sangat cocok untuk dijadikan pakan alami untuk pertumbuhan ikan Channa. Selain itu kandungan pigmen pada udang menjadi solusi bagi keepers yang memiliki Channa Maru varian red atau yellow. 29 Jan 2022
Berapa kali ngasih makan ikan channa Limbata?,"Anda dapat memberi pakan harian berupa pelet, udang kering atau maggot kering setiap hari. Lalu setiap 2-3 hari sekali diberi pakan hidup berupa udang kupas, cacing tanah atau jangkrik. 10 Mar 2022"
Bagaimana cara agar ikan Channa cepat keluar warna?,"Oleh karena itu kamu bisa memberikannya pakan udang, yang dipercaya dapat mempercepat keluarnya warna dari ikan ini. Akan tetapi, ukuran channa yang diberikan udang biasanya channa yang sudah dewasa atau ukurannya besar. Cacing tanah sudah bisa dikasih untuk ikan channa sejak masih kecil. 13 Agu 2022"
Channa Limbata pakai pasir apa?,"   Untuk Channa Limbata, pasir yang paling cocok adalah pasir silika yang memiliki kandungan yang sangat rendah atau bahkan tanpa karbonat. Pasir silika memiliki bahan kimia yang kurang agresif dan merupakan salah satu media filter yang paling populer. 21 Jan 2023"
Obat channa terbuat dari apa?,"   Deskripsi: CHANNA mengandung ekstrak Channa striatus 500 mg. Channa striatus adalah ikan gabus yang terkenal di Asia Tenggara karena kandungan protein dan manfaatnya. Channa striatus dipercaya dapat mengobati luka secara efektif, mengurangi nyeri, dan memberi energi bagi orang sakit dan lansia."
Obat channa untuk sakit apa?,"Channa striatus dipercaya dapat mengobati luka secara efektif (penyembuhan luka pasca oprasi, luka dekubitus) mengurangi nyeri, dan memberi energi bagi orang sakit dan lansia. Channa mengandung nutrisi alami yaitu protein."
Berapa lama Channa Limbata karantina?,"   Karantina dilakukan selama satu hari. Pindahkan Channa ke tank utama, dengan medium plastik. Saat akan memindahkan Limbata dari tempat karantina, gunakanlah medium plastik. Biarkan gabus hias ini di dalam plastik yang diapungkan di dalam tank utama, selama kurang lebih 15 menit. 11 Feb 2022"
Air apa yang bagus untuk channa?,"2. Sediakan air yang segar dan bersih. Pastikan pH air di aquarium sesuai dengan kebutuhan ikan Channa, yaitu antara 6,0-7,0. 3. Gunakan filter dan aerator untuk menjaga kualitas air dan memberikan oksigen yang cukup. 11 Jan 2023"
Apa penyebab channa diam saja?,"Ikan channa mungkin diam karena mereka sedang beristirahat, merasa tidak nyaman, atau sedang memproses makanan. 20 Jan 2023"
Kenapa ikan channa mojok?,"Ikan Channa bisa mengalami kondisi stress karena terbentur oleh suatu hal. Berdasarkan riset, terkadang hal ini terjadi akibat pemindahan akuarium atau tank ikan. Pergeseran akuarium, secara tidak sengaja membuat ikan terbentur hingga akhirnya mojok dan stress. 7 Sep 2022"
Channa hidup di air apa?,"   KOMPAS.com - Ikan channa adalah ikan predator yang masih satu famili dengan ikan gabus dan tinggal di perairan air tawar Indonesia. 15 Jul 2022"
Apakah channa harus pakai lampu?,"Sebaiknya lampu pada ruangan menyimpan channa, dihidupkan 6 sampai 8 jam dalam sehari, untuk membiasakan channa dengan atau tanpa lampu. 8. Lambat menangani channa yang sakit. Penanganan yang lambat, akan menyebabkan sakit pada ikan akan bertambah parah. 17 Des 2021"
Apakah lampu mempengaruhi warna ikan Channa?,"Sadar atau tidak, rupanya sistem pencahayaan juga mempengaruhi perkembangan warna ikan Channa Maru Yellow Sentarum ini. Sebab, sel melanosit yang merupakan pigmen pembentuk warna sisik ikan bekerja lebih baik apabila mendapat rangsangan cahaya. 16 Sep 2022"
Berapa lama air ikan channa diganti?,Penggantian air dan penyifonan dilakukan 2 hari sekali sebanyak 10% dari volume total dalam akuarium.
Channa pulchra pakai pasir apa?,"Pasir Silika Putih halus (Sedang) sangat umum digunakan sebagai kebutuhan tambahan aquarium, Aquascape, terutama aquarium untuk ikan Chana, seperti Chana Pulchra, Chana Andrao, Chana Barca, atau lebih cenderung kepada ikan chana yang memerlukan pencerahan warna."
Apakah ikan channa buas?,"   PORTAL MAJALENGKA - Pada dasarnya semua jenis channa termasuk channa limbata adalah ikan predator buas. 4 Feb 2023"
Apakah ikan channa perlu filter?,"Ikan channa memang terkenal denga ikan yang memiliki kemampuan hidup cukup tinggi, ikan channa mampu bertahan hidup tanpa filter. Meski demikian kita harus memasang filter untuk menjaga kebersihan air di dalam aquarium. Selain itu filter juga berfungsi untuk membasmi hama yang membahayakan si ikan. 28 Nov 2022"
Apakah ikan bisa stress?,"   JAKARTA, KOMPAS.com - Sama dengan manusia, ikan juga mengalami stres. Baik pada manusia maupun ikan, stres adalah hal yang buruk. Pasalnya, stres bisa mengganggu aktivitas, mengubah perilaku, bahkan berisiko buruk pada kesehatan ikan. 5 Nov 2022"
Berapa harga ikan channa pulchra?,"Kamu dapat temukan dan beli ikan Channa Pulchra dengan harga terjangkau, mulai dari 15.000-an saja di Tokopedia."
Berapa besar Channa toman?,"   Ikan toman dapat tumbuh sampai mendekati 1,5 m panjangnya."
Ikan toman sebesar apa?,"   Meski demikian, secara umum, tak semua ikan toman memiliki panjang dan berat maksimal. �Tapi umumnya paling 70-80 sentimeter dengan bobot 3-5 kilogram,� kata Haryono dalam pemberitaan Kompas.com (9/9/2021). Ikan toman biasanya dijual sebagai makanan di pasar Asia dan juga dimanfaatkan sebagai hewan peliharaan. 28 Jul 2022"
Dari mana asal ikan toman?,"Asal dan Sebaran    Toman dengan nama latin Channa micropeltes dapat ditemukan di Asia Tenggara, terutama Indonesia dan Malaysia. Ikan toman juga bisa ditemukan di India sebelah barat daya. Sebaran ikan ini sebenarnya janggal karena wilayah Asia Tenggara dan India terpaut jarak sekitar 2.500 km."
Apa makanan ikan Channa masih kecil?,"   Cacing tanah merupakan salah satu jenis pakan yang sangat direkomendasikan sebagai makanan ikan Channa. Jenis pakan ini bahkan bisa diberikan kepada ikan Channa yang masih berukuran kecil. Kandungan yang terdapat dalam cacing tanah dapat membantu mempercepat keluarnya warna pada ikan Channa. 21 Okt 2022"
Kenapa ikan Channa tidak mau makan?,"   Ikan Channa jika stress tidak akan mau makan, karena ikan tidak nyaman oleh sesuatu yang dianggapnya menganggu. Stress ikan dapat terjadi karena benturan atau sesuatu lainnya, seperti kena akuarium, atau saat Menganti air akuarium. Faktor makanan juga mempengaruhi ikan Channa tidak mau makan, karena bukan favoritnya. 29 Des 2022"
Apakah ikan belida predator?,"Ikan belida merupakan salah satu jenis ikan yang terancam kelestariannya. Ikan ini termasuk dalam kelompok ikan predator yang aktif pada malam hari, memiliki habitat di wilayah tengah khususnya rawa banjir (fload plain). 1 Apr 2006"
Channa Limbata adanya di mana?,"Channa limbata menyebar luas mulai dari Burma, Vietnam, Cina (selatan), Semenanjung Malaya, Singapura, dan Indonesia. Tercatat pula dari Thailand. Di Indonesia ikan ini diketahui menyebar di Sumatera (termasuk Nias, Bangka, Belitung), Kalimantan, Jawa (termasuk Bawean), dan Madura."
Apa ciri ciri Channa Limbata?,"   Ciri-ciri Channa Limbata    Ikan ini merupakan mempunyai warna tubuh yang hitam atau abu abu disertai garis kuning atau oranye pada bagian ujung sirip dorsal dan sirip ekor. Channa Limbata juga dapat tumbuh mencapai panjang maksimal 20cm. 18 Agu 2022"
Apa Manfaat ulat hongkong untuk ikan Channa?,"7. Ulat Hongkong    Ulat Hongkong sangat baik bagi pertumbuhan ikan Channa, karena ulat ini juga mengandung nutrisi yang cukup serta lengkap bagi ikan Channa serta dipercaya dapat mempertebal tubuh si ikan. 23 Jan 2023"
Daun apa untuk ikan channa?,"   KEPRI POST - Pengunaan daun ketapang pada ikan Channa Maru banyak memberikan manfaat, dimana daun ini dapat mempercepat warna ikan timbul. 15 Sep 2022"
Daun apa yang cocok untuk ikan channa?,Salah satu perawatan pada ikan Channa adalah menggunakan daun ketapang. 17 Jun 2022
Apakah daun pisang bagus untuk channa?,Daun pisang kering memiliki manfaat yang besar untuk ikan Channa. Ini dapat digunakan sebagai makanan alami dan sebagai alat untuk meningkatkan kualitas air. 15 Jan 2023
Apakah channa perlu ketapang?,Pemberian ekstrak daun ketapang adalah salah satu metode yang wajib kamu lakukan dalam memelihara ikan channa. 16 Jan 2023
Apakah daun ketapang bisa merubah warna ikan Channa maru?,"Bukan hanya itu, daun ketapang juga mampu meningkatkan warna ikan channa dan memancing tumbuhnya corak ikan channa seperti bunga ditubuhnya Channa Yellow Sentarum maupun Channa Red Barito. 7 Okt 2022"
Apa ciri ciri daun ketapang?,"   # Daun  Bentuk daun pohon ketapang yang lebih lebar dan umumnya mencapai 3 cm- 9 cm setiap helainya.  Daun ketapang dengan bentuk oval dan memanjang, serta lancip pada bagian ujungnya. ...   Memiliki warna daun yang segar dan muda seperti pohon manggis. 30 Apr 2021"
Berapa kali seminggu ganti air aquarium?,"Adapun untuk mengganti air akuarium setidaknya seminggu sekali. Jika tak dilengkapi piranti filter bisa lebih sering mengganti air, karena air mudah keruh. Artinya ketika air keruh, tak nyaman dilihat dan kesehatan ikan-ikan bisa mudah terganggu. �Untuk mengganti air di dalam akuarium, umumnya tak perlu semua. 18 Mei 2019"
Aquarium pake air apa?,"Air sumur baik untuk akuarium karena mengandung unsur-unsur minelar dan nutrisi yang dibutuhkan oleh ikan dan tanaman air hidup. Air sumur juga tidak mengandung klorin, sehingga Anda tak perlu khawatir. 25 Nov 2021"
Ikan apa yang paling amis?,"Jenis ikan yang paling bau amis umumnya adalah ikan berminyak seperti kembung dan sarden, sedangkan ikan yang bebas minyak biasanya tidak begitu bau amis. 12 Jul 2021"
Kenapa ikan masih bau amis padahal sering mandi?,"Ikan bisa bau amis tuh karena mereka udah terpapar cahaya matahari selama beberapa jam. Yang paling penting nih, yang mesti kalian tau ... bau amis yang muncul dari ikan tuh terkait dengan proses pembusukan alami dan beberapa fisiologis unik dari makhluk laut."
Apakah ingus itu najis?,"Dijelaskan dalam buku Ensiklopedia Fikih Indonesia 2: Taharah oleh Ahmad Sarawat, Lc., para ulama mengatakan ingus bukan termasuk najis. Sifatnya sama seperti dahak dan ludah, yaitu termasuk benda kotor, tetapi tidak wajib disucikan. 30 Sep 2022"
Apa hukum memelihara ikan dalam Islam?,"Namun demikian, bagaimana hukum memelihara ikan dalam Islam? Dikutip dari umma.id, Islam tidak melarang siapa pun memelihara binatang peliharaan seperti ikan selama kamu memenuhi kebutuhannya. 11 Jul 2021"
Apakah lampu akuarium harus selalu nyala?,"Lampu yang menyala justru dibutuhkan oleh tanaman di akuarium untuk berfotosintesis. Beberapa jenis ikan di akuarium tidak menyukai lampu. Jika Anda memiliki jenis ikan tetra atau chichids, maka batasilah penggunaan lampu di akuarium. 28 Agu 2012"
Ikan mati dibuang kemana?,"   Jangan buang ikan ke dalam toilet. Bangkai ikan tidak boleh dibuang ke tempat yang bukan habitat aslinya karena akan merusak ekosistem. Buang ikan mati di tempat sampah atau kuburkan di luar rumah. Apabila ukuran ikan Anda cukup besar, sebaiknya dikuburkan saja."
Apa makanan ikan channa?,"Channa auranti muda dapat diberi makan larva chironomid (cacing darah), cacing tanah kecil, udang cincang, jentik nyamuk, zooplankton, dan sejenisnya. 18 Sep 2022"
Apakah ikan hiu berkedip?,"Dilansir Fish Camp Rehab pada Senin (28/11/2022), ikan tidak mempunyai kelopak mata sehingga ia tidak memiliki refleks untuk berkedip seperti makhluk hidup lainnya. 29 Nov 2022"
Apa nama ikan dori?,"   Di Indonesia, nama dori adalah nama jual untuk filet ikan patin lokal. Meski jenisnya berbeda, filet ikan patin tidak kalah lezat, lho! 30 Jun 2022"
Apakah ikan dapat melihat?,"Memang benar bahwa ikan melihat berbeda untuk manusia, tetapi mereka hanya dapat melihat warna-warna yang menembus air di kedalaman . Dan kebetulan, ikan melihat cahaya yang berbeda dengan mata kita / manusia ."
Ikan melihat dengan apa?,"   Ikan dapat melihat ke sekeliling tubuhnya dengan kedua mata di sisi kepalanya."
Berapa lama umur ikan channa Limbata?,"   Umur ikan channa dapat bertahan hingga 15 tahun asalkan dirawat dengan benar. Nah, kamu bisa memelihara ikan ini dalam aquarium yang besar. 22 Agu 2022"
Kenapa channa loncat loncat?,"   Di alam bebas, channa biasanya melompat untuk mencari makan atau berpindah dari satu aliran sungai ke sungai lainnya. 31 Okt 2022"
Channa apa yang bagus?,"   Channa marulioides merupakan ikan channa asal Indonesia yang paling terkenal. Mereka memiliki harga yang cukup mahal untuk kualitas yang bagus. Di alamnya, channa marulioides bisa tumbuh hingga lebih dari 80 cm. Corak tubuhnya seperti dilukis dengan tinta hitam dan membentuk garis-garis. 8 Apr 2022"
Berapa kali ngasih makan Channa Limbata?,"Anda dapat memberi pakan harian berupa pelet, udang kering atau maggot kering setiap hari. Lalu setiap 2-3 hari sekali diberi pakan hidup berupa udang kupas, cacing tanah atau jangkrik. 10 Mar 2022"
Apakah ikan Channa butuh lampu?,"Sebaiknya lampu pada ruangan menyimpan channa, dihidupkan 6 sampai 8 jam dalam sehari, untuk membiasakan channa dengan atau tanpa lampu. 8. Lambat menangani channa yang sakit. Penanganan yang lambat, akan menyebabkan sakit pada ikan akan bertambah parah. 17 Des 2021"
Berapa hari Channa Limbata gendong telur?,"Diketahui, Channa Limbata termasuk dalam ikan yang mengerami telur dalam mulut. Telur yang keluar dari induk betina akan dimasukkan ke dalam mulut induk jantan. Induk jantan akan mengerami telur hingga menjadi larva kurang lebih 2-3 hari. 15 Mei 2022"
Limbata itu ikan apa?,"Ikan Channa ini memiliki banyak jenis, salah satunya adalah Ikan Channa Limbata. Ikan jenis ini adalah ikan gabus yang banyak ditemukan di sungai, sawah, serta sumber mata air di daerah Pulau Jawa. Adapun masyarakat Pulau Jawa biasanya memanggil ikan ini dengan sebutan ikan kotes."
Berapa hari ikan Channa makan?,"Saat masa pertumbuhan, memberikan makan ikan Channa maru bisa dilakukan setiap harinya. Akan tetapi, ketika ukuran ikan Channa sudah mencapai 30 cm, memberikan makan ikan Channa ini cukup dilakukan 2-4 kali seminggu. 19 Agu 2022"
Kapan ikan Channa berubah warna?,"   Kondisi warna ikan sangat dipengaruhi kondisi dalam diri channa sendiri. Jika ikan mengalami kondisi stress, maka bisa dipastikan warna pada ikan channa akan memudar bahkan bisa gelap menghitam. 10 Agu 2022"
Buah apa yang bisa bikin ketawa?,"   Tebak-tebakan Lucu Tentang Ikan Bikin Ngakak    Jawab: Ikan goreng. 8. 20 Mei 2022"
Ikan apa yang paling tua?,Sturgeon beluga dapat ditelusuri kembali lebih dari 200 juta tahun yang lalu dan merupakan salah satu spesies ikan tertua yang ada saat ini. 27 Des 2022
Ikan apa yang kecil?,"   10 Jenis Ikan Hias Kecil dan Tips Memeliharanya Ikan Cupang. Ikan Guppy. Ikan Molly. Ikan Discus. Ikan Zebra. Ikan Komet. Ikan Tetra. Ikan Corydoras. Item lainnya... � 28 Des 2021"
Ikan apa yang tidak mudah mati?,"   Berikut ini ikan hias air tawar yang tak mudah mati, yang dapat Anda coba rawat. Angelfish. Rekomendasi ikan hias air tawar yang tak mudah mati, salah satunya anglefish (Foto: istockphoto/TatianaMironenko) ...  2. Botia. ...  3. Black Ghost. ...  4. Cupang. ...  Guppy. ...  6. Ikan Lemon. ...  7. Ikan Koi. ...  Manfish. Item lainnya... � 12 Des 2022"
Apakah ikan lemon galak?,"   Meskipun memiliki warna yang unik, namun ada banyak hal yang perlu diperhatikan. Hal ini dikarenakan ikan lemon termasuk ikan yang agresif, galak bahkan beberapa jenis termasuk ikan predator."
Apa nama ikan paling mahal?,"   Platinum arwana adalah ikan air tawar yang terdapat di sungai dan danau di Asia, Amerika Selatan, serta Australia. Beberapa jenis arwana akan menjadi ikan peliharaan paling mahal karena mencapai Rp1,4 miliar rupiah per ikan. 13 Nov 2022"
Apakah Channa Limbata bisa besar?,"   Ikan ini merupakan mempunyai warna tubuh yang hitam atau abu abu disertai garis kuning atau oranye pada bagian ujung sirip dorsal dan sirip ekor. Channa Limbata juga dapat tumbuh mencapai panjang maksimal 20cm. 18 Agu 2022"
Berapa cm maksimal Channa Limbata?,"Channa Limbata sendiri memiliki habitat asli di perairan sawah, hulu sungai dan juga sumber mata air jernih. Ikan ini memiliki ciri khas yaitu warna tubuh yang hitam atau abu-abu lalu terdapat garis kuning dan orange di beberapa bagian seperti di ujung sirip dorsal dan sirip ekor. Ikan ini punya panjang maksimal 20 cm."
Channa menggunakan air apa?,"Air yang digunakan sebaiknya berupa air endapan. Hindari menggunakan pompa air, sebab ikan channa tidak suka dengan kondisi air yang mengalir. Karakter ikan channa ada di air yang tenang. Gunakan aksesoris secukupnya saja, seperti pasir malang atau kayu kering. 16 Jun 2022"
Apa keunikan ikan channa?,"Di Kalimantan Tengah ikan jenis ini sudah menjadi ikan hias yang mejadi primadona dan banyak dilirik kalangan pecinta ikan hias hingga kolektor. Adapun keistimewaan dari ikan Channa Maru ada pada warna sisiknya yang kemerahan, dan memiliki corak seperti motif batik dan bunga. 16 Jan 2023"
Dimana tempat ikan channa?,"   Channa auranti adalah endemik lembah Sungai Brahmaputra di negara bagian Assam dan Arunachal Pradesh, India timur laut. Namun demikian, sekarang ini channa auranti telah dapat ditemukan di banyak daerah di benua Asia Tenggara. 16 Sep 2022"
Apa yg membuat ikan channa mahal?,"   Dirangkum dari berbagai sumber, ikan jenis channa barca ini diketahui berasal dari negara India. Ikan ini mahal karena diketahui setiap akhir Mei, India dilanda hujan deras dan berkelanjutan. 20 Sep 2022"
Ikan channa bisa sebesar apa?,"Ikan gabus ini mempunyai corak yang indah, berwarna oranye kekuningan di bagian bawah dan dominan hitam di bagian atasnya. Channa maruiloides, yang sering disebut sebagai Channa maru dapat tumbuh dengan ukuran maksimal 65 cm. 16 Agu 2022"
Ikan apa yang paling kecil di dunia?,"   Paedocypris progenetica adalah sejenis ikan dari genus Paedocypris yang dilaporkan sebagai ikan terkecil di dunia."
Apa kegunaan ikan Channa?,"   Memperbaiki gizi buruk; Sehat untuk pencernaan; Membantu Menjaga Kesehatan (Mata, Diabetes, dan Ibu Hamil); dan. Kaya dengan Kandungan Albumin (Mempercepat Penyembuhan Luka). 3 Agu 2022"
Apa makanan favorit Channa?,"   Berikut ini beberapa rekomendasi makanan ikan Channa terbaik yang dirangkum detikSulsel dari berbagai sumber: Udang. Udang merupakan salah satu makanan ikan Channa di habitat aslinya. ...  Maggot. ...  3. Cacing Sutra. ...  4. Jangkrik. ...  Ikan Kecil. ...  6. Channa Food/Pelet Khusus untuk Ikan Channa. ...  7. Cacing Tanah. ...  Kutu Air. Item lainnya... � 21 Okt 2022"
Apa saja jenis channa?,Gabus-gabusan / Klasifikasi yang lebih rendah
Apakah Channa argus dilarang?,Channa Argus bahkan sudah dilarang impor ke Indonesia oleh pemerintah karena bersifat invasif. 27 Des 2022
Apa pakan channa?,"2. Cacing Sutra    Dikarenakan memiliki kandungan protein, maka lemak serta nutrisi yang baik bagi ikan Channa, cacing sutra juga kemudian menjadi makanan wajib bagi si ikan predator. Selain itu, cacing ini juga dapat melancarkan pencernaan ikan Channa juga mengandung serat serta mineral yang tinggi. 23 Jan 2023"
Berapa lama ganti air channa?,Penggantian air dan penyifonan dilakukan 2 hari sekali sebanyak 10% dari volume total dalam akuarium.
Gimana cara merawat channa?,"Ada beberapa cara dan tips merawat ikan channa agar sehat dan cepat bermutasi warnanya. Hindari Ikan Stress. Ikan stres sebenarnya punya banyak faktor, salah satunya yang paling berpengaruh adalah lingkungan atau wadah ikan. ...  Berikan Pakan Terbaik. ...  Rajin Menguras Air. "
Channa Limbata makan apa?,Berikut ini beberapa rekomendasi pakan ikan channa yang bisa Anda berikan. Udang. Udang merupakan salah satu makanan ikan channa di habitat aslinya. ...  Maggot. Maggot sendiri merupakan larva dari lalat hitam besar. ...  3. Cacing Sutra. ...  4. Ikan-Ikan Kecil. ...  Jangkrik. ...  6. Cacing Tanah. ...  7. Kutu Air. ...  Pelet. 23 Mei 2022
Berapa lama umur ikan Channa?,"Warna tubuh ikan ini bervariasi, mulai dari abu-abu hingga hitam, dengan beberapa variasi warna merah, hijau, atau kuning. Ikan Channa Asiatica dikenal sebagai ikan yang sangat tahan lama, bahkan dapat hidup hingga 25 tahun. 4 Jan 2023"
Apa yang membuat ikan Channa stres?,"   Penyebab Stres pada Ikan Channa    Ikan channa memerlukan lingkungan yang cocok untuk hidup, seperti suhu air yang tepat, pH yang sesuai, dan kondisi air yang bersih. Jika kondisi lingkungan tidak sesuai, ikan channa akan merasa stres dan dapat menyebabkan masalah kesehatan. 22 Jan 2023"
Apa manfaat udang kering untuk ikan Channa?,Protein yang tinggi pada udang sangat cocok untuk dijadikan pakan alami untuk pertumbuhan ikan Channa. Selain itu kandungan pigmen pada udang menjadi solusi bagi keepers yang memiliki Channa Maru varian red atau yellow. 29 Jan 2022
Apa manfaat daun pisang kering untuk ikan Channa?,"   Sumber protein: Daun pisang kering mengandung sedikit protein yang bermanfaat bagi ikan Channa. Protein sangat penting bagi pertumbuhan dan perkembangan ikan, serta membantu mereka untuk mempertahankan kesehatan dan kekuatan tubuh. 15 Jan 2023"
Bolehkah ibu Hamil Muda makan ikan gabus?,Diketahui bahwa ikan gabus memiliki kelebihan kandungan protein dan albumin yang tinggi sehingga sangat baik dikonsumsi oleh Bunda yang sedang dalam masa kehamilan. 30 Sep 2022
Kapsul kutuk isi berapa?,Kapsul Kutuk Premium 100% Original - Albumin Ikan Gabus isi 60 Kapsul.
Apa manfaat daun ketapang untuk ikan Channa?,"Daun ketapang mempunyai banyak manfaat untuk Channa Limbata, salah satunya dapat menghindari stress. Selain dapat menghindari stress ada manfaat daun ketapang lainnya yang baik untuk Channa Limbata. Manfaat daun ketapang yang pertama adalah dapat menyembuhkan luka pada Channa Limbata. 23 Des 2022"
Channa albumin untuk apa?,"Ikan gabus (Channa striata) sangat kaya akan albumin, memiliki senyawa yang penting seperti protein dan beberapa mineral. Ikan gabus adalah sumber albumin yang baik bagi penderita hipoalbumin (rendah albumin) dan penyembuhan luka pasca operasi maupun luka bakar. 11 Okt 2016"
Kenapa ikan channa Limbata tidak mau makan?,"Ikan Channa jika stress tidak akan mau makan, karena ikan tidak nyaman oleh sesuatu yang dianggapnya menganggu. Stress ikan dapat terjadi karena benturan atau sesuatu lainnya, seperti kena akuarium, atau saat Menganti air akuarium. Faktor makanan juga mempengaruhi ikan Channa tidak mau makan, karena bukan favoritnya. 29 Des 2022"
Apakah ulat hongkong bagus untuk channa?,"Dari sekian banyak jenis pakan, ulat hongkong ini adalah salah satu pakan yang berpengaruh pada pertumbuhan ikan channa. Selain itu, ulat hongkong juga bisa bikin warna ikan channa menjadi lebih cantik dari sebelumnya, lho. 31 Jan 2023"
Kenapa ikan Channa mojok?,"Ikan Channa bisa mengalami kondisi stress karena terbentur oleh suatu hal. Berdasarkan riset, terkadang hal ini terjadi akibat pemindahan akuarium atau tank ikan. Pergeseran akuarium, secara tidak sengaja membuat ikan terbentur hingga akhirnya mojok dan stress. 7 Sep 2022"
Mengapa channa lompat?,"   Di alam bebas, channa biasanya melompat untuk mencari makan atau berpindah dari satu aliran sungai ke sungai lainnya. 31 Okt 2022"
Dimana tempat channa limbata?,"   Persebaran alami ikan channa limbata meliputi wilayah perairan Indoesia, Malaysia, Thailand, Sri Lanka, dan India. 13 Agu 2022"
Channa limbata ada dimana saja?,"Channa limbata menyebar luas mulai dari Burma, Vietnam, Cina (selatan), Semenanjung Malaya, Singapura, dan Indonesia. Tercatat pula dari Thailand. Di Indonesia ikan ini diketahui menyebar di Sumatera (termasuk Nias, Bangka, Belitung), Kalimantan, Jawa (termasuk Bawean), dan Madura."
Berapa cm maksimal channa limbata?,"Channa Limbata sendiri memiliki habitat asli di perairan sawah, hulu sungai dan juga sumber mata air jernih. Ikan ini memiliki ciri khas yaitu warna tubuh yang hitam atau abu-abu lalu terdapat garis kuning dan orange di beberapa bagian seperti di ujung sirip dorsal dan sirip ekor. Ikan ini punya panjang maksimal 20 cm."
Apakah ikan Channa bisa tidur?,Jawabannya adalah tentu saja iya! Ikan sama seperti makhluk hidup lainnya yang juga tidur. Ikan sama-sama membutuhkan istirahat tetapi cara tidur mereka tentu berbeda dengan makhluk hidup lainnya.
ikan Channa apa yang cocok untuk pemula?,"Channa Pulchra aman untuk pemula, karena mudah untuk di progres dibandingkan jenis channa yang lain. Selain itu, memiliki warna biru dan kuning yang cantik dan memiliki habitat di air jernih jika berhasil memelihara Channa Blue Pulchra maka pasti bisa jenis yang lain. 21 Des 2022"
Kenapa ikan channa pulchra diam saja?,"   Biasanya faktor penyebab ikan ini terdiam karena mengalami stres. Ikan Channa yang biasa di pelihara juga dapat mengalami stres. Kondisi ini biasanya dipicu oleh keadaan di lingkungan akuarium dan kurangnya interaksi. 9 Feb 2022"
Apa manfaat daun ketapang untuk Channa Pulchra?,"Daun ketapang memiliki ciri-ciri berdaun lebar. Manfaat daun ketapang yang pertama adalah menetralisir PH air. Untuk diketauhi, PH air rumahan dengan alam liar habitat ikan Channa sangat berbeda. Maka diperlukan PH air yang seimbang agar ikan Channa bisa berkembang dan bertahan hidup dengan baik. 17 Jun 2022"
Apakah Channa Limbata ada di sungai?,"sumedang, KOTA � Ikan Chana Limbata atau ikan gabus atau yang sering disebut masyarakat ikan bogo, merupakan ikan asli Indonesia, tepatnya Pulau Jawa. Ikan tersebut memiliki habitat asli di perairan sawah, sumber mata air jernih dan hulu sungai. 14 Sep 2022"
Apa saja makanan ikan channa?,"   Berikut ini beberapa rekomendasi makanan ikan Channa terbaik yang dirangkum detikSulsel dari berbagai sumber: Udang. Udang merupakan salah satu makanan ikan Channa di habitat aslinya. ...  Maggot. ...  3. Cacing Sutra. ...  4. Jangkrik. ...  Ikan Kecil. ...  6. Channa Food/Pelet Khusus untuk Ikan Channa. ...  7. Cacing Tanah. ...  Kutu Air. Item lainnya... � 21 Okt 2022"
Dimana habitat asli ikan channa?,"   Daerah di mana ikan channa auranti tinggal, memiliki iklim hutan hujan monsun tropis yang ditandai dengan curah hujan yang tinggi, kelembaban yang tinggi, dan suhu musim panas yang panas. Mereka dapat bertahan hidup di lingkungan air tawar maupun air payau. 16 Sep 2022"
Berapa kali ikan channa Limbata makan?,"Channa Limbata menyukai pakan hewan seperti Jangkrik, Cacing tanah, dan Udang. Pemberian makan rutin sehari 3 kali. 18 Mei 2022"
ikan Channa pake air apa?,"Air yang digunakan sebaiknya berupa air endapan. Hindari menggunakan pompa air, sebab ikan channa tidak suka dengan kondisi air yang mengalir. Karakter ikan channa ada di air yang tenang. Gunakan aksesoris secukupnya saja, seperti pasir malang atau kayu kering. 16 Jun 2022"
ikan Channa boleh dicampur dengan ikan apa?,"   Ikan palmas termasuk katagori kurang agresif, jadi aman sebagai teman channa di tank kalian. 20 Mar 2022"
Channa itu obat apa?,"   Deskripsi: CHANNA mengandung ekstrak Channa striatus 500 mg. Channa striatus adalah ikan gabus yang terkenal di Asia Tenggara karena kandungan protein dan manfaatnya. Channa striatus dipercaya dapat mengobati luka secara efektif, mengurangi nyeri, dan memberi energi bagi orang sakit dan lansia."
Bagaimana cara ikan tidur?,"   ""Sangat mudah untuk mengetahui kapan ikan sedang tidur: mereka berbaring tak bergerak, sering kali di dasar atau dekat permukaan air. Mereka lambat untuk merespons hal-hal yang terjadi di sekitar mereka, atau mungkin tidak merespon sama sekali,"" urainya. 16 Okt 2022"
3 apa ciri ciri ikan yang sakit?,"Ciri-Ciri Ikan Sakit Melompat-lompat ke Atas Kolam. Ketika merasakan ketidaknyamanan, ikan akan melompat-lompat ke atas kolam dengan gerakan yang tidak teratur. ...  2. Terlihat Agresif. ...  Menyendiri. ...  4. Gerakan yang Lambat. ...  Kondisi Fisik yang Abnormal. 8 Feb 2023"
Berapa kali mengganti air di akuarium?,"   Air di dalam akuarium harus diganti setidaknya seminggu sekali, tetapi lebih sering akan lebih baik. Membersihkan akuarium secara teratur memiliki dua tujuan. Pertama, menghilangkan bau amis akuarium. Kedua, membantu menjaga kesehatan ikan."
Ikan toman ada dimana?,"Ikan toman menyebar luas di Indonesia bagian barat (Sumatra, Kalimantan dan pulau-pulau sekitarnya), Malaysia, Thailand, Laos, Vietnam, India, dan mungkin pula Myanmar."
Ikan toman makan apa?,"Menurut Kordi (2011), ikan toman termasuk ikan predator dan merupakan jenis ikan karnivora yang memangsa cacing, katak, anak ikan, udang, ketam, dan lain-lain; sedangkan yuwana ikan toman biasanya memakan larva serangga dan krustasea."
Ikan channa terbesar jenis apa?,"   Snakehead Merah (Channa micropeltes)     Ikan ini juga dikenal sebagai Snakehead Raksasa karena mampu besar hingga 1m/39� atau lebih. Bahkan di penangkaran ikan ini adalah spesies snakehead terbesar. 19 Sep 2022"
Apa yang membuat Channa Barca mahal?,"   Alasan utama dari mahalnya ikan Channa Barca ternyata mempunyai motif yang sangat cantik dari beberapa jenis ikan channa. Indahnya Channa Barca karena warna tubuhnya biru muda dihiasi dengan bercak hitam dan sirip ekor bergaris kuning yang sangat bagus. 26 Sep 2022"
Kenapa toman mahal?,"   Selain manusia, ikan toman dapat dijadikan pengobatan dalam medis seperti penyembuhan pasca operasi dan pengurangan rasa nyeri akibat operasi. Mungkin hal tersebutlah yang menjadikan ikan toman memiliki nilai ekonomis yang tinggi. 27 Jul 2022"
Toman jenis Channa apa?,"Toman Asia Tenggara memiliki nama ilmiah Channa micropeltes, sedangkan di India adalah Channa diplogramma."
Apa makanan kesukaan Channa Limbata?,Berikut ini beberapa rekomendasi pakan ikan channa yang bisa Anda berikan. Udang. Udang merupakan salah satu makanan ikan channa di habitat aslinya. ...  Maggot. Maggot sendiri merupakan larva dari lalat hitam besar. ...  3. Cacing Sutra. ...  4. Ikan-Ikan Kecil. ...  Jangkrik. ...  6. Cacing Tanah. ...  7. Kutu Air. ...  Pelet. 23 Mei 2022
Kenapa ikan belida punah?,"   Menurut Dr Dina Muthmainnah peneliti Balai Riset Perikanan Perairan Umum dan Penyuluhan Perikanan, penurunan populasi ikan belida disebabkan oleh beberapa hal. Mulai dari aktivitas penangkapan lebih (overfishing), penggunaan alat tangkap yang tidak ramah lingkungan dan perubahan kondisi lingkungan perairan. 7 Sep 2021"
Kenapa ikan belida langka?,Populasi belida juga terancam karena faktor biologi ikan itu sendiri. Faktor biologi ini dimana jumlah telur yang dihasilkan Belida semakin sedikit. Kita juga saat ini terus melakukan pencarian induk Belida untuk proses pembibitan. 8 Sep 2021
Apakah belida hitam dilindungi?,Belida Borneo hidup di dasar perairan tawar dengan sebaran di wilayah Sumatera dan Kalimantan. Pemerintah Indonesia melalui KKP menerbitkan Keputusan Menteri Kelautan Dan Perikanan Republik Indonesia Nomor 1 Tahun 2021 yang menetapkan bahwa Belida Borneo (Chitala borneensis) dengan status perlindungan penuh. 17 Okt 2021
Dimana lokasi Channa Limbata?,"Channa limbata menyebar luas mulai dari Burma, Vietnam, Cina (selatan), Semenanjung Malaya, Singapura, dan Indonesia. Tercatat pula dari Thailand. Di Indonesia ikan ini diketahui menyebar di Sumatera (termasuk Nias, Bangka, Belitung), Kalimantan, Jawa (termasuk Bawean), dan Madura."
Dimana tempat Channa Limbata?,"   Persebaran alami ikan channa limbata meliputi wilayah perairan Indoesia, Malaysia, Thailand, Sri Lanka, dan India. 13 Agu 2022"
Apa Manfaat ulat hongkong untuk ikan Channa Limbata?,"Berdasarkan penelitian, Ulat Hongkong memiliki kandungan nutrisi diantaranya 48 persen protein kasar, 40 persen lemak kasar, 3 persen kadar abu, serta 57 persen kadar air. Kandungan nutrisi tersebut tentu sangat bagus untuk pertumbuhan dan daya tahan tubuh ikan Channa. 29 Jan 2022"
Apa fungsi ulat hongkong untuk channa?,"Dari sekian banyak jenis pakan, ulat hongkong ini adalah salah satu pakan yang berpengaruh pada pertumbuhan ikan channa. Selain itu, ulat hongkong juga bisa bikin warna ikan channa menjadi lebih cantik dari sebelumnya, lho. 31 Jan 2023"
Apakah Channa asiatica bisa galak?,Secara umum ikan channa jenis apapun mudah agresif saat dalam kondisi lapar dan tenang saat sudah kenyang. Dengan mengatur pola makannya ikan channa akan mudah agresif saat didekati. 22 Des 2022
Berapa lama ikan Channa tumbuh besar?,"   Secara umum, ikan Channa Asiatica dapat tumbuh hingga panjang sekitar 20-30 cm dalam waktu kurang lebih 1 tahun, tergantung pada faktor-faktor tersebut. 4 Jan 2023"
Apakah udang kering bagus untuk channa?,Protein yang tinggi pada udang sangat cocok untuk dijadikan pakan alami untuk pertumbuhan ikan Channa. 29 Jan 2022
Bagaimana cara merawat ikan Channa?,"Cara Merawat Ikan Channa Maru YS Agar Cepat Mutasi Hindari Ikan Stress. Ikan stres sebenarnya punya banyak faktor, salah satunya yang paling berpengaruh adalah lingkungan atau wadah ikan. ...  Berikan Pakan Terbaik. Pakan untuk ikan channa berupa hewan hidup seperti jangkrik, cacing, dan udang. ...  Rajin Menguras Air. "
Apa manfaat daun pisang kering untuk ikan Channa Limbata?,"   Sumber protein: Daun pisang kering mengandung sedikit protein yang bermanfaat bagi ikan Channa. Protein sangat penting bagi pertumbuhan dan perkembangan ikan, serta membantu mereka untuk mempertahankan kesehatan dan kekuatan tubuh. 15 Jan 2023"
Apakah ikan Channa perlu daun ketapang?,Pemberian ekstrak daun ketapang adalah salah satu metode yang wajib kamu lakukan dalam memelihara ikan channa. 16 Jan 2023
Berapa lama daun ketapang di dalam aquarium?,"Setelah tenggelam, daun ketapang biasanya mampu bertahan selama satu hingga dua bulan dalam akuarium sebelum hancur. 13 Jul 2021"
Daun ketapang cocok untuk ikan apa saja?,"Daun ketapang mampu menjaga kesehatan ikan cupang karena sifatnya yang anti jamur, anti bakteri dan anti parasit. Otomatis ikan pun jadi tumbuh lebih kuat dan sehat. Selain itu, menambahkan daun ketapang juga dipercaya membantu ikan cupang bisa bertelur dengan lebih cepat. 13 Apr 2022"
Bagaimana cara mengolah daun ketapang?,"   Cara Mengolah Daun Ketapang    Menjemur daun ketapang yang telah direndam. Memfermentasi daun ketapang yang sudah selesai dijemur untuk memaksimalkan keluarnya zat tanin dari daun ketapang saat digunakan nanti. 4 Agu 2022"
Daun apa untuk ikan Channa?,"   KEPRI POST - Pengunaan daun ketapang pada ikan Channa Maru banyak memberikan manfaat, dimana daun ini dapat mempercepat warna ikan timbul. 15 Sep 2022"
Apa saja makanan ikan Channa?,Mengenal Jenis-Jenis dan Makanan Ikan Channa Pelet. Cacing Sutra. Jangkrik. Udang. Maggot. Ikan Kecil. Ulat Hongkong. Kutu Air. Item lainnya... � 23 Jan 2023
Apa manfaat cacing tanah untuk ikan channa?,"Artinya, cacing tanah sangat bermanfaat bagi ikan channa. Kandungan tinggi protein dan asam amino pada cacing tanah sangat baik untuk menjaga kesehatan atau memulihkan luka yang diderita ikan channa. Terutama jika sirip ikan peliharaanmu rusak, cacing tanah bisa menjadi obatnya. 6 Feb 2023"
Bagaimana cara agar channa YS cepat kuning?,"   Salah satu upaya yang dapat dilakukan untuk meningkatkan warna dari ikan channa yaitu melalui pemberian pakan yang sesuai. Terdapat banyak jenis pakan ikan Channa yang meliputi pakan buatan seperti pelet, pakan hidup seperti udang, jangkrik maupun cacing tanah. 10 Mar 2022"
Dimana bisa menemukan daun ketapang?,"Habitat Pohon Ketapang    Tanaman jenis Terminalia menyebar di berbagai daerah di Indonesia. Tanaman ini biasanya tumbuh di dataran rendah hingga tinggi, di hutan primer atau sekunder, hutan campran, hutan rawa, hutan pantai, hutan jati, hingga di sepanjang sungai. 27 Agu 2021"
Dimana bisa menemukan pohon ketapang?,"   Pohon ketapang termasuk tumbuhan asli Asia Tenggara maupun Polinesia hingga Australia bagian Utara. Tumbuhan ketapang dapat juga ditemui di Amerika Tengah, Amerika Selatan, Afrika Timur, Afrika Barat, Pakistan, India, dan Madagaskar. 17 Feb 2022"
Dimana kita bisa menemukan daun ketapang?,"Untuk mendapatkan daun ketapang kering kita bisa mencarinya di derah sekitar kita, namun jika memang Anda berada di perkotaan yang jarang sekali dengan pepohonan bahkan untuk pohon keapang, Anda bisa mendapatkannya melalui online market place di Indonesia. Karena di sana juga sudah tersedia dan menjual daun ketapang. 8 Jul 2019"
Bagaimana cara membuat air aquarium tetap jernih?,"Cara Membersihkan Air Akuarium Keruh Rajin Menguras Akuarium. Cara membersihkan akuarium yang pertama adalah dengan rajin menguras akuarium setiap dua minggu sekali. ...  2. Bersihkan Filter. Saat menguras akuarium, jangan lupa untuk membersihkan filter air. ...  3. Bersihkan Kaca Akuarium. 1 Apr 2022"
Apakah Air Hujan Baik untuk aquarium?,Sejatinya air hujan bisa digunakan kok seperti air PDAM untuk ikan hias. 4 Jun 2020
Berapa kali menguras air ikan channa?,"   Umumnya pergantian air pada ikan channa dilakukan sebulan sekali. Hal itu pun tidak bisa dilakukan secara spontan atau langsung, melainkan harus dilakukan secara bertahap. Air akuarium yang sudah dua minggu terlebih dahulu sepertiga atau setengahnya perlu dibuang. 11 Agu 2022"
Berapa bulan sekali ganti air aquarium?,"   Air di dalam akuarium harus diganti setidaknya seminggu sekali, tetapi lebih sering akan lebih baik. Membersihkan akuarium secara teratur memiliki dua tujuan. Pertama, menghilangkan bau amis akuarium. Kedua, membantu menjaga kesehatan ikan."
Ikan ikan apa yg selalu bertiga?,Teka teki pertama ikan apa yang kemana mana selalu bertiga? Jawabannya ikan teri atau three. 17 Mar 2022
Bis apa yang bisa bikin mabuk?,Bis apa yang bikin mabuk? Jawaban: Bis-ikan sayangmu. 12 Des 2022
Ikan ikan apa yang nggak kesepian?,"Jawaban yang tepat untuk tebakan ini adalah ikan gurame. Jawaban ikan gurame menjadi jawaban yang tepat karena ikan gurame mengandung kata �rame� yang berarti ramai dan dikelilingi banyak orang, sehingga dapat dikatakan tidak pernah kesepian. 23 Jan 2023"
Kenapa ikan gak mandi?,"Ikan tidak mandi karena ikan dapat melakukan pergerakan dengan berenang. Ikan merupakan hewan yang hidup di air. Ikan dilengkapi dengan alat gerak berupa sirip yang mengitari tubuhnya. Ada lima macam sirip yang membantu dalam pergerakkan ikan, baik untuk berenang maupun untuk menentukan arah gerak."
Kenapa ikan bau pesing?,"Bau tersebut disebabkan karena ikan tersebut mengandung urea dalam jumlah yang tinggi, menurut Yasin (2005) bahwa ikan pari termasuk kedalam golongan ikan yang memiliki kadar urea tinggi sebesar 2,33 %."
Apakah ngupil itu membatalkan wudhu?,"Mengupil Tidak Membatalkan Wudu     Yakni, qubul dan dubur, jadi hukumnya najis dan membatalkan wudu. Sementara itu, hal-hal yang keluar dari lubang lainnya tidak dapat membatalkan wudu. 14 Okt 2022"
Apakah menahan buang angin membatalkan wudhu?,"Sedangkan salah satu yang membatalkan wudhu adalah keluar angin atau kentut. Jika orang yang sedang sholat tersebut menahannya, maka sholatnya tidak sah. �Jika yang bersangkutan menahan sehingga angin tidak keluar, maka wudhunya tetap sah. 26 Jul 2021"
Apakah air liur saat tidur najis?,Ciri khas air liur yang keluar dari mulut biasanya memang pada orang yang sedang tidur. Hal itu terjadi karena terjadi di luar kontrol. Air liur tersebut dihukumi najis dan seseorang yang hendak shalat wajib membersihkan bajunya atau bantalnya yang terkena air liur yang keluar dari perut itu. 27 Sep 2021
Bolehkah menaruh akuarium di kamar tidur?,"   Menurut prinsip feng shui, tidak disarankan untuk menempatkan akuarium di kamar tidur dan posisi lainnya. Beberapa orang menggunakan akuarium ikan sebagai solusi feng shui karena air yang mengalir dengan energi yang bergerak melambangkan energi uang. 24 Sep 2022"
Apakah ikan itu najis?,"Dari (makna) ayat tentang daging ikan atau produk apa pun yang berasal dari laut hukumnya halal (QS. Al-Maidah, 5: 96), namun darah ikan yang mengalir itu hukumnya haram dan najis. 6 Jul 2020"
Apakah semua ikan halal?,"   Dari hadits tersebut di atas, menunjukkan dan menjadi dalil bahwa binatang laut itu halal dikonsumsi. para ulama sepakat, semua jenis ikan laut itu hukumnya halal untuk dikonsumsi, kecuali yang menimbulkan Mudhorot atau berbahaya bagi kesehatan manusia. 4 Okt 2021"
Channa Limbata makan nya apa?,Cacing tanah sendiri merupakan salah satu pakan ikan channa yang cukup direkomendasikan. Cacing tanah memiliki kemampuan penyembuhan yang baik. Pemberian cacing tanah dapat merangsang kecepatan penyembuhan luka-luka pada ikan dengan cepat. 23 Mei 2022
Channa Limbata apakah bisa besar?,"   Ikan ini merupakan mempunyai warna tubuh yang hitam atau abu abu disertai garis kuning atau oranye pada bagian ujung sirip dorsal dan sirip ekor. Channa Limbata juga dapat tumbuh mencapai panjang maksimal 20cm. 18 Agu 2022"
Apa ciri ciri ikan stres?,"Tanda-tanda ikan stres dapat diamati dari sejumlah faktor, seperti bersembunyi berlebihan, kehilangan nafsu makan, dan mengalami perubahan penampilan. Meski demikian, tanda-tanda tersebut sulit diketahui karena ikan masih beraktivitas seperti biasa dalam akuarium. 5 Nov 2022"
Apa tanda ikan mati?,"   Apabila matanya cekung (sunken eyes), artinya ikan sudah mati atau sekarat. Pupil yang keruh juga merupakan pertanda kematian untuk sebagian besar ikan akuarium. Jika Anda memelihara ikan kembung, walleye, rabbitfish, atau scorpionfish, mata ikan yang sesekali keruh sebenarnya normal."
Kenapa ikan mati buka mata?,Kondisi tersebut berguna menjaga aliran air yang konstan melewati insang mereka untuk mempertahankan tingkat oksigen yang tepat dalam tubuh. 13 Des 2021
Berapa lama karantina ikan Channa Limbata?,"Karantina dilakukan selama satu hari. Pindahkan Channa ke tank utama, dengan medium plastik. Saat akan memindahkan Limbata dari tempat karantina, gunakanlah medium plastik. Biarkan gabus hias ini di dalam plastik yang diapungkan di dalam tank utama, selama kurang lebih 15 menit. 11 Feb 2022"
Kapan ikan itu tidur?,"Ikan yang hidup di akuarium tidur selama tujuh hingga duabelas jam setiap hari. Banyak ikan aktif pada siang hari dan tidur pada malam hari, meskipun bagi sebagian jenis ikan, seperti berbagai jenis belut, pari dan hiu, memiliki siklus tidur yang berlawanan. 8 Okt 2022"
Kenapa ikan kalau tidur melek?,"   Hal itu terjadi karena ikan tidak memiliki kelopak mata. ""Ikan tidak memiliki kelopak mata - mereka tidak membutuhkannya di bawah air karena debu tidak dapat masuk ke mata mereka. Namun, ikan tetap tidur. 16 Okt 2022"
Siapa nama teman Nemo?,Finding Nemo / Karakter
Apa nama ikan Nemo?,"   Ikan giru atau lebih dikenal dengan sebutan ikan badut adalah ikan dari anak suku Amphiprioninae dalam suku Pomacentridae. Ada dua puluh delapan spesies yang biasa dikenali, salah satunya adalah genus Premnas, sementara sisanya termasuk dalam genus Amphiprion."
Apakah ikan itu berkedip?,"Dilansir Fish Camp Rehab pada Senin (28/11/2022), ikan tidak mempunyai kelopak mata sehingga ia tidak memiliki refleks untuk berkedip seperti makhluk hidup lainnya. 29 Nov 2022"
Ikan buta warna apa?,"Dikutip wartalombok.com dari Ensiklopedia Hamparan Dunia Ilmu Time-Life pada 15 Maret 2021, ikan dapat melihat warna sampai tahap tertentu. Ikan dapat melihat warna merah dan kuning dengan mudah, namun ikan lebih sulit membedakan warna hijau, biru, dan hitam. 15 Mar 2021"
Apakah ikan bisa mengenali pemiliknya?,"Tak hanya manusia yang sadar diri di depan cermin, ikan ternyata bisa mengenali tubuh dan wajah mereka. Bahkan ikan juga bisa mengenali pemiliknya saat di akuarium. 14 Feb 2023"
Apakah ikan bisa melihat dalam gelap?,"   Ikan laut dalam mempunyai sebuah spesialisai sistem visualo khusus yang memungkinan mereka melihat berbagai macam warna di dalam gelap. Memiliki kemampuan dapat melihat dalam gelap mempunyai keuntungan tersendiri bagi ikan ini ketika mereka mencari makan dan pasangan. 11 Mei 2019"
Apa kelebihan ikan Channa?,"   Ikan Channa dikenal sebagai obat tradisional yang mampu menyembuhkan beberapa penyakit. Komponen asam amino dan asam lemak yang ada di dalam ikan Channa ini efektif mengobati beberapa penyakit. Ikan Channa Satriata mampu menyembukan luka karena memiliki zat glisin dan asam arakidonat. 12 Jul 2022"
Channa Termahal apa?,"Channa Micropeltes merupakan salah satu jenis ikan Channa yang memiliki harga sangat tinggi. Ikan ini memiliki warna yang unik dan mencolok, dengan warna kuning dan hitam pada bagian tubuhnya. Keunikan warna ini membuat ikan Channa Micropeltes menjadi salah satu ikan paling langka dan paling mahal yang bisa ditemukan. 16 Feb 2023"
Air apa yang bagus untuk ikan Channa?,"Ikan channa biasanya menyukai air yang bersifat netral atau sedikit asam, dengan pH sekitar 6,5-7,5 dan dKH antara 4-12. Suhu air yang nyaman bagi ikan channa berkisar antara 23-29 derajat Celcius. 11 Jan 2023"
Channa Limbata paling besar berapa?,"   Channa limbata memiliki postur kecil dengan ukuran minimum 15cm (6inch) dan maksimum 28cm (11inch). 13 Agu 2022"
Apa ikan Channa terbesar?,"   Snakehead Merah (Channa micropeltes)     Ikan ini juga dikenal sebagai Snakehead Raksasa karena mampu besar hingga 1m/39� atau lebih. Bahkan di penangkaran ikan ini adalah spesies snakehead terbesar. 19 Sep 2022"
Apa artinya ikan channa?,"   Ikan channa atau juga dikenal sebagai snakehead emperor, merupakan ikan gabus hias yang memiliki bentuk kepala menyerupai ular. Jenis ikan gabus ini merupakan ikan yang tengah digemari untuk dipelihara selain ikan cupang. 13 Jul 2022"
Kera apa yang sakit?,"   Jawaban dari pertanyaan tebak-tebakan kera apa yang sakit adalah keram. 3 Des 2022"
Ikan apa yang kita panggil dia berhenti?,"Teka teki ketujuh ikan, ikan apa yang suka berhenti? Jawabannya ikan pause. 25 Feb 2022"
Kebo apa yang bikin kita lelah?,"   Dilansir JatimNetwork.com dari berbagai sumber, jawaban dari teka-teki 'kebo apa yang bikin lelah? Jawabannya adalah 'Kebogor jalan kaki', singkat tapi bikin emosi. 12 Des 2022"
Ikan apa yang tidak sabaran?,"13. Ikan apa yang gak sabaran? Jawab: Ikan cakalang, soalnya gak mau nanti-nanti, pokoknya cakalang. 15 Sep 2021"
Ikan Molly berapa?,White Pot Molly: Rp 25.000 - Rp 50.000. Liberty Molly: Rp 10.000. Golden Doubloon Molly: Rp 10.000 - Rp 25.000. Molly Hybrids: Rp 100.000 - Rp 500.000. 24 Nov 2022
Ikan apa yang paling banyak ngomong?,"""Nah kalau yang itu ikan yang banyak ngomong, Ikan Bawal."" 30 Jun 2022"
Ikan ikan apa yang gak ada otaknya?,"Ikan lanset merupakan ikan primitif tanpa otak, rangka, dan pancaindra. 21 Nov 2021"
Apa nama ikan kecil kecil?,"   10 Jenis Ikan Hias Kecil dan Tips Memeliharanya Ikan Cupang. Ikan Guppy. Ikan Molly. Ikan Discus. Ikan Zebra. Ikan Komet. Ikan Tetra. Ikan Corydoras. Item lainnya... � 28 Des 2021"
Ikan Black Ghost bisa sebesar apa?,"   Di habitat aslinya ikan blackghost dapat tumbuh dengan panjang berkisar antara 20 hingga 50 sentimeter. 15 Feb 2020"
Ikan tiger fish makan apa?,"   Tiger fish memakan serangga, alga, dan invertebrata air. Ikan ini juga menyukai air jernih dengan kadar oksigen tinggi. 28 Jul 2020"
Berapa lama Channa Limbata gendong telur?,"   Telur yang keluar kemudian dimasukkan ke dalam mulut oleh induk jantan untuk dierami selama kurang lebih 2 hari. 16 Mar 2022"